name,age,email,address,phone
David Green,45,david.green99@example.com,"560 Valley Rd, Jacksonville, FL 60858","332.688.7244"
Robert Mitchell,65,robert.mitchell@yahoo.com,"5553 Church St, Indianapolis, IN 59964","977-425-2589"
Paul Hall,48,paul.hall@example.com,"2853 Madison Ave, Phoenix, AZ 71794","(506) 285-4931"
James Williams,31,james.williams40@example.com,"6762 Lake St, San Diego, CA 16047","7662060397"
Mary White,84,mary.white@gmail.com,"1233 Main St, Houston, TX 29389","(609) 455-5447"
Mary Jackson,64,mary.jackson89@hotmail.com,"1747 Forest Ave, Dallas, TX 36614","1611113678"
Steven Hall,27,steven.hall@gmail.com,"2257 Jefferson Ave, Indianapolis, IN 56434","487-209-8247"
Margaret Miller,38,margaret.miller@gmail.com,"4110 Highland Ave, Austin, TX 99008","4607964415"
Margaret Gonzalez,90,margaret.gonzalez41@gmail.com,"6089 Valley Rd, Philadelphia, PA 39330","(955) 929-8234"
Deborah Harris,52,deborah.harris@icloud.com,"8608 College St, San Diego, CA 59705","7654651989"
Mark Davis,60,mark.davis@yahoo.com,"2642 Pine St, Chicago, IL 73584","8851140704"
Joshua Young,89,joshua.young@hotmail.com,"3538 Maple Dr, Philadelphia, PA 43103","668.220.9705"
Margaret Miller,67,margaret.miller4@gmail.com,"4379 Dogwood Ln, Charlotte, NC 85234","769.644.9201"
William Lewis,66,william.lewis@yahoo.com,"3579 Cedar Ln, Fort Worth, TX 71172","978.897.7875"
Joshua Taylor,66,joshua.taylor@hotmail.com,"1418 Oak Ave, Austin, TX 93092","5338682146"
Steven Ramirez,55,steven.ramirez@hotmail.com,"3744 Cherry St, Fort Worth, TX 97197","799-385-4239"
Karen Smith,65,karen.smith@hotmail.com,"1609 Mill Rd, Dallas, TX 89595","300-993-2026"
Betty Hall,69,betty.hall@outlook.com,"8664 Center St, Denver, CO 36351","846-623-9477"
Deborah White,24,deborah.white94@yahoo.com,"2715 Lake St, Jacksonville, FL 32025","+1 158 667 0840"
Anthony Wilson,22,anthony.wilson@hotmail.com,"5301 Lincoln Ave, Boston, MA 83537","842-897-2490"
Matthew Lopez,26,matthew.lopez8@outlook.com,"1128 Sunset Dr, Indianapolis, IN 62340","+1 350 446 1846"
Richard Harris,47,richard.harris79@outlook.com,"9346 Lake St, Dallas, TX 55050","645.285.7258"
Emily Thompson,40,emily.thompson@icloud.com,"6074 Oak Ave, Indianapolis, IN 37649","(202) 168-6846"
Ashley Taylor,42,ashley.taylor21@hotmail.com,"8393 Forest Ave, San Diego, CA 31232","133-109-8727"
Nancy Anderson,78,nancy.anderson87@gmail.com,"2267 Lincoln Ave, Jacksonville, FL 26050","(507) 709-9783"
Karen Stewart,78,karen.stewart89@icloud.com,"8747 Cedar Ln, Chicago, IL 55788","104.325.1250"
Michael Clark,76,michael.clark@outlook.com,"4033 Walnut St, Fort Worth, TX 93306","+1 454 953 6086"
Melissa Green,45,melissa.green5@outlook.com,"7861 Ridge Rd, Charlotte, NC 99543","+1 906 241 0781"
Elizabeth Davis,24,elizabeth.davis@example.com,"4870 Main St, Fort Worth, TX 57642","805.817.2944"
Kimberly Green,18,kimberly.green@example.com,"1500 Mill Rd, Jacksonville, FL 52519","423.417.3226"
Betty Wright,19,betty.wright@outlook.com,"304 Lake St, Dallas, TX 41001","435.192.8144"
Betty Allen,81,betty.allen8@gmail.com,"5789 High St, Dallas, TX 13314","5494866494"
Linda Phillips,61,linda.phillips99@example.com,"8176 Lake St, Columbus, OH 35801","+1 185 213 5651"
Matthew Campbell,63,matthew.campbell@example.com,"3952 Pine St, Philadelphia, PA 31737","999.160.0012"
Susan Lewis,86,susan.lewis@hotmail.com,"1020 Main St, Boston, MA 47908","+1 122 802 3900"
Melissa Parker,80,melissa.parker95@hotmail.com,"7333 Jefferson Ave, New York, NY 37879","+1 283 222 1632"
David White,65,david.white@yahoo.com,"2473 Broadway, Houston, TX 65879","224-456-4701"
Kevin Hernandez,74,kevin.hernandez52@yahoo.com,"4971 Center St, Denver, CO 52942","787.657.8353"
David Ramirez,38,david.ramirez@hotmail.com,"8197 Maple Dr, Seattle, WA 15744","238-551-5631"
Michelle Parker,55,michelle.parker@yahoo.com,"6567 Cherry St, San Antonio, TX 45115","8276075645"
Steven Johnson,90,steven.johnson93@hotmail.com,"9762 Lincoln Ave, Austin, TX 18152","564.617.4057"
Elizabeth Turner,51,elizabeth.turner14@gmail.com,"2126 Dogwood Ln, Phoenix, AZ 32490","4052861796"
Donna Hall,46,donna.hall@gmail.com,"5379 Walnut St, Phoenix, AZ 12686","(812) 276-1104"
Brian Wright,53,brian.wright@outlook.com,"6669 Lake St, Los Angeles, CA 75483","+1 672 497 7704"
Christopher Collins,68,christopher.collins@outlook.com,"4483 High St, San Antonio, TX 44087","(803) 106-3652"
Joshua Stewart,85,joshua.stewart@icloud.com,"138 Main St, Dallas, TX 70078","782-958-0565"
Nancy Hernandez,33,nancy.hernandez28@hotmail.com,"803 Jefferson Ave, Fort Worth, TX 60297","7578326125"
Anthony Torres,24,anthony.torres@outlook.com,"6791 Adams St, Philadelphia, PA 77889","5955893750"
Ashley Perez,24,ashley.perez@outlook.com,"3990 River Rd, Jacksonville, FL 23295","+1 403 844 4382"
Amanda Rodriguez,21,amanda.rodriguez80@outlook.com,"5608 Jefferson Ave, Philadelphia, PA 47307","(963) 195-6638"
Richard Hernandez,62,richard.hernandez@yahoo.com,"4355 Mill Rd, Austin, TX 57389","(178) 987-7111"
Dorothy Walker,68,dorothy.walker@icloud.com,"1693 Lincoln Ave, Jacksonville, FL 85300","(528) 123-7421"
Charles Miller,21,charles.miller@yahoo.com,"9794 Lincoln Ave, Denver, CO 68821","(973) 587-0016"
Jennifer Campbell,76,jennifer.campbell@example.com,"2963 College St, Austin, TX 91314","784.438.6737"
Linda King,60,linda.king70@yahoo.com,"1183 Cedar Ln, Indianapolis, IN 71915","579.911.6164"
Robert Walker,83,robert.walker16@yahoo.com,"4855 Washington Blvd, Fort Worth, TX 25448","6824030703"
George Williams,59,george.williams81@example.com,"3113 Jackson St, Denver, CO 69847","166.137.2311"
Dorothy Johnson,20,dorothy.johnson@yahoo.com,"263 College St, San Jose, CA 32573","(491) 976-8636"
William Miller,34,william.miller@icloud.com,"6001 Church St, Dallas, TX 93566","320-494-2817"
Thomas Moore,22,thomas.moore@outlook.com,"609 Lake St, Los Angeles, CA 58000","968-917-5016"
Ashley Ramirez,53,ashley.ramirez28@icloud.com,"7262 Oak Ave, Jacksonville, FL 84384","+1 769 157 4602"
Lisa Edwards,43,lisa.edwards@outlook.com,"6636 Main St, Charlotte, NC 44357","828-206-4353"
Susan Clark,71,susan.clark@gmail.com,"3962 Center St, Fort Worth, TX 64003","134-372-7494"
Susan Lee,22,susan.lee@outlook.com,"3494 Church St, Phoenix, AZ 91999","(256) 272-1841"
Robert Miller,58,robert.miller91@outlook.com,"3467 Jackson St, Seattle, WA 24210","+1 474 928 1967"
Dorothy Rodriguez,90,dorothy.rodriguez@outlook.com,"7750 Lake St, Fort Worth, TX 53094","(639) 507-3165"
Karen Parker,76,karen.parker75@outlook.com,"3432 Main St, Houston, TX 72556","658.755.8123"
Dorothy Wright,65,dorothy.wright@outlook.com,"113 Broadway, San Diego, CA 76225","8555697823"
Kenneth Roberts,35,kenneth.roberts70@gmail.com,"7099 Church St, Austin, TX 36534","+1 892 866 5120"
George Evans,82,george.evans@yahoo.com,"2231 Cherry St, Boston, MA 60008","997.721.1424"
Richard Phillips,36,richard.phillips@yahoo.com,"2810 Forest Ave, Indianapolis, IN 26663","(435) 110-6760"
Jennifer Edwards,27,jennifer.edwards@yahoo.com,"5887 Washington Blvd, San Antonio, TX 60456","+1 810 879 9306"
Amanda Hall,55,amanda.hall@example.com,"3330 Jackson St, Denver, CO 29027","851-484-2071"
Christopher Thomas,88,christopher.thomas@hotmail.com,"3367 Main St, Houston, TX 95986","+1 810 595 1711"
Charles Collins,44,charles.collins@gmail.com,"2184 Dogwood Ln, Phoenix, AZ 79550","353-701-5548"
Carol Ramirez,87,carol.ramirez5@yahoo.com,"9085 College St, Seattle, WA 62426","666-980-6890"
George Parker,21,george.parker@yahoo.com,"4155 Lake St, San Francisco, CA 34382","2811010351"
Andrew Lee,75,andrew.lee@example.com,"1490 Cedar Ln, Austin, TX 57798","336-940-5887"
Melissa Smith,77,melissa.smith@outlook.com,"1813 Washington Blvd, Phoenix, AZ 90322","879-278-2613"
Deborah Turner,80,deborah.turner64@example.com,"7372 Park Ave, Dallas, TX 45540","159-537-1106"
Steven Mitchell,26,steven.mitchell@outlook.com,"4900 Main St, Los Angeles, CA 26270","792-340-0295"
Kevin Williams,35,kevin.williams@outlook.com,"9100 Highland Ave, Houston, TX 14591","+1 667 173 0532"
James Smith,19,james.smith10@hotmail.com,"4425 Pine St, Fort Worth, TX 16332","849-458-9270"
Dorothy Carter,75,dorothy.carter@yahoo.com,"6505 River Rd, Phoenix, AZ 33595","290-384-6825"
Elizabeth Jones,63,elizabeth.jones@yahoo.com,"2966 Pine St, Los Angeles, CA 46084","320.769.8809"
Thomas Rodriguez,49,thomas.rodriguez@gmail.com,"3911 High St, San Jose, CA 20649","7959091323"
Sarah Martin,66,sarah.martin@icloud.com,"6512 Ridge Rd, Austin, TX 76075","+1 535 229 4151"
Karen Stewart,58,karen.stewart87@icloud.com,"8214 Highland Ave, Indianapolis, IN 15449","515-851-6294"
Mary Martin,51,mary.martin@outlook.com,"7898 Madison Ave, Seattle, WA 62294","981-965-3614"
Mark Hernandez,33,mark.hernandez1@outlook.com,"5184 Madison Ave, Seattle, WA 67866","2012464025"
Anthony Sanchez,72,anthony.sanchez@icloud.com,"5709 Jackson St, San Francisco, CA 89398","931.229.1958"
Paul Phillips,67,paul.phillips@hotmail.com,"3010 Main St, Indianapolis, IN 53583","543-699-8798"
Joseph Hill,20,joseph.hill@example.com,"479 Mill Rd, Chicago, IL 89288","7068320555"
Michael Wright,83,michael.wright@gmail.com,"8108 Lake St, Indianapolis, IN 10146","778-223-2744"
Elizabeth Wright,26,elizabeth.wright@hotmail.com,"8684 Park Ave, New York, NY 85304","287-733-8394"
Deborah Allen,25,deborah.allen@example.com,"5839 Washington Blvd, San Diego, CA 95973","(944) 547-6121"
Kenneth Turner,64,kenneth.turner14@yahoo.com,"2432 Madison Ave, Jacksonville, FL 56193","9868663177"
Donna Jackson,84,donna.jackson87@gmail.com,"2440 Elm St, Denver, CO 60414","756.162.8076"
Charles Taylor,56,charles.taylor@gmail.com,"1313 Park Ave, Seattle, WA 98354","3812868090"
Nancy Wilson,20,nancy.wilson@example.com,"5697 Lake St, Dallas, TX 97356","(303) 291-0200"
Ashley Walker,21,ashley.walker@outlook.com,"4245 Center St, Dallas, TX 42525","194-830-4008"
Dorothy Baker,53,dorothy.baker@gmail.com,"465 Elm St, San Antonio, TX 91833","550-462-7108"
Daniel Wilson,85,daniel.wilson@gmail.com,"9283 Forest Ave, Jacksonville, FL 64226","(287) 567-8911"
Lisa Taylor,21,lisa.taylor@outlook.com,"4763 Elm St, Dallas, TX 34217","280.738.8929"
Richard Taylor,59,richard.taylor@gmail.com,"2125 Cedar Ln, San Diego, CA 22895","(915) 459-1669"
Emily Martin,54,emily.martin@example.com,"5916 Elm St, Los Angeles, CA 62369","(805) 501-6502"
Christopher Stewart,44,christopher.stewart80@hotmail.com,"7326 Center St, Dallas, TX 63369","+1 371 357 9847"
Michelle Johnson,49,michelle.johnson59@yahoo.com,"2841 Dogwood Ln, Denver, CO 40929","(578) 922-4720"
Jennifer Smith,61,jennifer.smith@outlook.com,"8965 Broadway, Denver, CO 92280","673-208-1992"
Joshua White,40,joshua.white11@gmail.com,"9511 Sunset Dr, Phoenix, AZ 37952","(996) 887-0367"
Charles Walker,55,charles.walker@gmail.com,"2245 Cedar Ln, Austin, TX 76826","(762) 421-8613"
Brian Johnson,31,brian.johnson@gmail.com,"347 Jackson St, San Francisco, CA 63112","987.786.3662"
Melissa Harris,63,melissa.harris@example.com,"6118 Church St, Denver, CO 18783","(441) 876-6128"
Mark Mitchell,79,mark.mitchell7@hotmail.com,"3672 Oak Ave, Houston, TX 94724","(250) 637-5666"
Michelle Wilson,64,michelle.wilson@yahoo.com,"4805 Madison Ave, Houston, TX 89904","632-103-0729"
Donna Davis,36,donna.davis@outlook.com,"8967 River Rd, Denver, CO 94463","(253) 954-7119"
Elizabeth Parker,36,elizabeth.parker37@yahoo.com,"5515 Lake St, Denver, CO 74006","813-972-3612"
Andrew Davis,57,andrew.davis@outlook.com,"201 Spring St, Seattle, WA 69164","972-196-3788"
Richard Thomas,87,richard.thomas30@example.com,"3719 Broadway, Charlotte, NC 40836","467-798-4712"
Nancy Perez,48,nancy.perez28@yahoo.com,"6189 Jefferson Ave, Dallas, TX 35532","752.850.5367"
Margaret Wright,68,margaret.wright@icloud.com,"3898 Oak Ave, Indianapolis, IN 85319","4392494308"
Charles Davis,73,charles.davis93@hotmail.com,"947 Dogwood Ln, San Jose, CA 75074","(763) 208-5777"
Amanda Martin,87,amanda.martin@gmail.com,"9355 Park Ave, Indianapolis, IN 29808","(674) 180-7273"
Susan Brown,76,susan.brown@icloud.com,"5815 Washington Blvd, Fort Worth, TX 98797","137-637-7821"
David Roberts,52,david.roberts@outlook.com,"5767 Mill Rd, Chicago, IL 88679","1002878101"
Kevin Torres,23,kevin.torres50@yahoo.com,"7874 Walnut St, Indianapolis, IN 54925","(466) 854-9256"
Steven Clark,39,steven.clark@icloud.com,"3374 Highland Ave, Fort Worth, TX 61587","+1 767 706 6691"
Susan White,37,susan.white@icloud.com,"6779 River Rd, San Diego, CA 78492","(182) 980-2396"
Jennifer Thompson,51,jennifer.thompson@icloud.com,"2667 Valley Rd, Charlotte, NC 50649","138-896-6664"
Emily Allen,63,emily.allen@example.com,"9753 Highland Ave, Seattle, WA 45872","588-538-4653"
Susan Mitchell,61,susan.mitchell@outlook.com,"8192 River Rd, Charlotte, NC 81612","+1 204 219 6433"
George Nelson,37,george.nelson@gmail.com,"7208 Church St, Dallas, TX 19925","9553329588"
Kevin Parker,29,kevin.parker@gmail.com,"3159 Main St, Fort Worth, TX 51528","616-331-3246"
Jessica Thomas,68,jessica.thomas@outlook.com,"3246 Jefferson Ave, Jacksonville, FL 29832","373-909-9293"
Amanda Miller,71,amanda.miller@icloud.com,"7965 Valley Rd, New York, NY 19657","4517386015"
Amanda Thomas,40,amanda.thomas@yahoo.com,"1569 Highland Ave, San Diego, CA 45748","+1 190 351 4032"
Kenneth Sanchez,20,kenneth.sanchez36@example.com,"6816 Broadway, Charlotte, NC 40191","2481891636"
Michael Garcia,43,michael.garcia@yahoo.com,"3970 Forest Ave, San Antonio, TX 32340","519-110-6076"
Steven Carter,81,steven.carter37@icloud.com,"1246 Main St, New York, NY 22081","+1 322 485 6332"
Kenneth Brown,29,kenneth.brown52@outlook.com,"2904 Cherry St, San Francisco, CA 81583","(615) 612-4128"
Donald Stewart,30,donald.stewart@icloud.com,"2138 Cherry St, Seattle, WA 34150","+1 832 814 5093"
Jessica White,54,jessica.white@example.com,"906 River Rd, Dallas, TX 42453","987.793.1661"
Charles Green,26,charles.green@icloud.com,"2280 Highland Ave, New York, NY 47601","7137268006"
David Hall,83,david.hall@hotmail.com,"5099 Church St, Fort Worth, TX 37332","279-650-8645"
Melissa Harris,86,melissa.harris@yahoo.com,"2531 Church St, Denver, CO 41400","3549813069"
William Parker,71,william.parker37@yahoo.com,"1612 Cherry St, San Diego, CA 90380","704.173.9991"
Andrew Roberts,52,andrew.roberts@icloud.com,"6256 Ridge Rd, Houston, TX 26274","+1 668 404 3384"
Sandra Adams,69,sandra.adams@hotmail.com,"9697 Highland Ave, Philadelphia, PA 33991","121-311-9513"
Linda Ramirez,41,linda.ramirez@hotmail.com,"3532 Washington Blvd, Los Angeles, CA 85137","+1 711 553 3310"
Mark King,77,mark.king@yahoo.com,"2927 Lincoln Ave, Denver, CO 11159","(919) 856-2368"
Michelle Miller,42,michelle.miller13@gmail.com,"9810 Walnut St, Los Angeles, CA 33213","884-644-5330"
Ashley Baker,19,ashley.baker29@icloud.com,"7053 Park Ave, Austin, TX 77861","110.155.5894"
Joseph Lopez,80,joseph.lopez28@outlook.com,"6365 Pine St, San Diego, CA 61137","6094952515"
Mary Brown,68,mary.brown66@example.com,"2074 Lake St, Columbus, OH 24548","191.582.5401"
Anthony Phillips,66,anthony.phillips@outlook.com,"9578 Dogwood Ln, New York, NY 83827","+1 795 272 2656"
Jessica Martinez,28,jessica.martinez31@outlook.com,"9279 Cherry St, Jacksonville, FL 96627","7947909358"
George Moore,32,george.moore@outlook.com,"8521 Center St, Charlotte, NC 59950","(861) 696-3643"
Susan Lopez,85,susan.lopez@yahoo.com,"4344 Park Ave, San Diego, CA 96722","(379) 743-6035"
Mark Miller,35,mark.miller@example.com,"5034 Mill Rd, Jacksonville, FL 27206","(630) 510-5826"
Carol Perez,54,carol.perez@icloud.com,"8906 Pine St, Phoenix, AZ 44366","523-625-2326"
Dorothy Harris,25,dorothy.harris@yahoo.com,"5992 Valley Rd, Phoenix, AZ 15937","2195680493"
Betty Stewart,20,betty.stewart68@gmail.com,"5340 River Rd, Columbus, OH 22569","(448) 428-0227"
Margaret Johnson,67,margaret.johnson3@icloud.com,"9893 Pine St, San Jose, CA 70933","(590) 799-4376"
Kenneth Lee,53,kenneth.lee50@hotmail.com,"9130 Jackson St, Philadelphia, PA 25363","(759) 520-8898"
Dorothy Williams,51,dorothy.williams@gmail.com,"6283 High St, Philadelphia, PA 24564","231-381-3035"
Elizabeth Wilson,20,elizabeth.wilson@gmail.com,"4628 Church St, San Diego, CA 47089","(956) 589-1962"
James Sanchez,27,james.sanchez@outlook.com,"8509 Jackson St, Seattle, WA 88232","460-501-7086"
Carol Walker,40,carol.walker38@hotmail.com,"7457 Adams St, Chicago, IL 41126","(194) 662-3948"
Amanda Thompson,24,amanda.thompson14@yahoo.com,"5646 Adams St, Jacksonville, FL 18776","(585) 575-8769"
Jessica Mitchell,24,jessica.mitchell35@outlook.com,"2977 Spring St, San Jose, CA 69566","238-768-5601"
Melissa Sanchez,44,melissa.sanchez@hotmail.com,"9808 Jefferson Ave, Charlotte, NC 88935","586-212-6313"
Brian Adams,63,brian.adams@gmail.com,"3458 Elm St, San Diego, CA 77607","923-318-5047"
John Clark,35,john.clark@yahoo.com,"686 Jackson St, Boston, MA 53216","(864) 987-5753"
Anthony Ramirez,80,anthony.ramirez@outlook.com,"7651 Dogwood Ln, Jacksonville, FL 18136","4933718308"
Ashley Hernandez,22,ashley.hernandez@gmail.com,"8745 Dogwood Ln, Houston, TX 93605","2106574596"
Jennifer Lee,44,jennifer.lee@outlook.com,"505 Lincoln Ave, Jacksonville, FL 67881","939-958-3066"
Michael Johnson,44,michael.johnson@icloud.com,"1746 Spring St, San Antonio, TX 21971","+1 305 884 5999"
Sandra Brown,24,sandra.brown@yahoo.com,"5661 High St, Austin, TX 96345","512-220-2763"
Mary Taylor,34,mary.taylor@outlook.com,"8010 Highland Ave, Charlotte, NC 92368","716-993-3940"
Mark Green,43,mark.green@icloud.com,"7815 Pine St, San Francisco, CA 32829","6661527940"
Kimberly Ramirez,56,kimberly.ramirez@icloud.com,"5728 Dogwood Ln, Austin, TX 70975","610.907.3417"
Daniel Johnson,52,daniel.johnson92@outlook.com,"8257 Cedar Ln, Los Angeles, CA 51602","403.316.3879"
James Green,44,james.green@yahoo.com,"7458 Walnut St, Chicago, IL 61818","5733559715"
Brian Nelson,52,brian.nelson21@gmail.com,"5146 Jefferson Ave, Denver, CO 30237","(450) 605-1645"
John Clark,18,john.clark@yahoo.com,"1271 Washington Blvd, Seattle, WA 80385","791.437.3600"
Dorothy Taylor,65,dorothy.taylor@gmail.com,"1169 Church St, Indianapolis, IN 14448","+1 527 346 7507"
David Anderson,83,david.anderson@yahoo.com,"7651 Cherry St, Phoenix, AZ 39656","8183879843"
Linda Young,28,linda.young@hotmail.com,"2521 Forest Ave, Boston, MA 74864","(914) 981-9304"
Ashley Torres,27,ashley.torres@gmail.com,"2762 Pine St, Los Angeles, CA 21033","(574) 773-4491"
Michael Baker,75,michael.baker@example.com,"6589 Center St, Los Angeles, CA 42608","828-354-5690"
Joseph Lewis,52,joseph.lewis@hotmail.com,"9597 Adams St, Indianapolis, IN 21437","138-187-6333"
William Jackson,58,william.jackson@yahoo.com,"9751 Maple Dr, Houston, TX 83932","120-583-1517"
Michael Taylor,58,michael.taylor@gmail.com,"8883 Dogwood Ln, Austin, TX 17740","(697) 768-0092"
Deborah Martin,61,deborah.martin@gmail.com,"5837 Highland Ave, Austin, TX 61103","103-905-8147"
Anthony Sanchez,47,anthony.sanchez@yahoo.com,"6717 Elm St, Houston, TX 28153","242-480-8268"
Anthony Evans,69,anthony.evans@gmail.com,"434 Mill Rd, Houston, TX 74520","(467) 462-3951"
Mark Thomas,63,mark.thomas80@hotmail.com,"3482 Ridge Rd, Philadelphia, PA 67566","(823) 580-9798"
Carol Miller,49,carol.miller68@yahoo.com,"1100 Dogwood Ln, Philadelphia, PA 53621","(659) 420-7418"
Steven Baker,79,steven.baker47@icloud.com,"3882 Dogwood Ln, Boston, MA 34762","764.763.7697"
Michelle Young,54,michelle.young@example.com,"7730 Lake St, Denver, CO 74808","105-883-4935"
Donald Johnson,44,donald.johnson@icloud.com,"4564 Maple Dr, San Francisco, CA 19207","9494618658"
Richard Gonzalez,33,richard.gonzalez@outlook.com,"3471 Pine St, San Francisco, CA 72586","632.582.0878"
Ashley Garcia,67,ashley.garcia@gmail.com,"5668 Ridge Rd, Chicago, IL 94073","(910) 701-8328"
Mark Clark,32,mark.clark@icloud.com,"7045 Park Ave, Fort Worth, TX 54154","(205) 776-9449"
Jessica Adams,40,jessica.adams@hotmail.com,"7013 Spring St, San Francisco, CA 80325","2312382189"
Deborah Martin,81,deborah.martin@icloud.com,"9479 Madison Ave, Fort Worth, TX 64989","699.661.1183"
Susan Perez,75,susan.perez93@gmail.com,"2280 Adams St, Philadelphia, PA 30849","540-329-7443"
Mark Martin,68,mark.martin41@yahoo.com,"9379 Sunset Dr, Los Angeles, CA 58945","+1 672 738 8084"
Sandra Lee,87,sandra.lee@example.com,"166 Washington Blvd, Chicago, IL 69589","5023448242"
Susan Stewart,19,susan.stewart@icloud.com,"1592 High St, Denver, CO 80167","1853825978"
